Workbook
Name B4b1000: Magazzino!$B$4

Sheet Magazzino
A3: Colonna 1 | B3: PRODOTTI | C3: GIACENZA AGGIORNATA | D3: GIACENZA INIZIALE | E3: PREZZO | F3: TOTALE AGGIORNATO
B4: ACCHIAPPA COLORE | C4: =SUMIF(Carico!$B$3:$B$975,B4,Carico!$C$3:$C$975)-(SUMIF(Scarico!$B$3:$B$997,B4,Scarico!$C$3:$C$997))+$D$4:$D$987 -> 18 | F4: =SUM(F6:F994) -> 2598.39
B5: ACQUA STIRO DISTILLATA 5LT | C5: =SUMIF(Carico!$B$3:$B$975,B5,Carico!$C$3:$C$975)-(SUMIF(Scarico!$B$3:$B$997,B5,Scarico!$C$3:$C$997))+$D$4:$D$987 -> 3 | E5: 1.29 | F5: =E5*C5 -> 3.87
B6: ALCOOL 1LT | C6: =SUMIF(Carico!$B$3:$B$975,B6,Carico!$C$3:$C$975)-(SUMIF(Scarico!$B$3:$B$997,B6,Scarico!$C$3:$C$997))+$D$4:$D$987 -> 5 | E6: 1.59 | F6: =E6*C6 -> 7.95
B7: AMUCHINA 1LT | C7: =SUMIF(Carico!$B$3:$B$975,B7,Carico!$C$3:$C$975)-(SUMIF(Scarico!$B$3:$B$997,B7,Scarico!$C$3:$C$997))+$D$4:$D$987 -> 4 | E7: 7.5 | F7: =E7*C7 -> 30
B8: AMULSIO STIRA BENE | C8: =SUMIF(Carico!$B$3:$B$975,B8,Carico!$C$3:$C$975)-(SUMIF(Scarico!$B$3:$B$997,B8,Scarico!$C$3:$C$997))+$D$4:$D$987 -> 0 | E8: 2.5 | F8: =E8*C8 -> 0
B9: ANTITARME ALIMENTARI (SCADUTO) | C9: =SUMIF(Carico!$B$3:$B$975,B9,Carico!$C$3:$C$975)-(SUMIF(Scarico!$B$3:$B$997,B9,Scarico!$C$3:$C$997))+$D$4:$D$987 -> 0 | F9: =E9*C9 -> 0
B10: ARGENTIL SPRAY | C10: =SUMIF(Carico!$B$3:$B$975,B10,Carico!$C$3:$C$975)-(SUMIF(Scarico!$B$3:$B$997,B10,Scarico!$C$3:$C$997))+$D$4:$D$987 -> 2 | E10: 17 | F10: =E10*C10 -> 34
B11: ARIA SANA UMIDITÁ | C11: =SUMIF(Carico!$B$3:$B$975,B11,Carico!$C$3:$C$975)-(SUMIF(Scarico!$B$3:$B$997,B11,Scarico!$C$3:$C$997))+$D$4:$D$987 -> 5 | F11: =E11*C11 -> 0
B12: ASCIUGATUTTO X CUCINA | C12: =SUMIF(Carico!$B$3:$B$975,B12,Carico!$C$3:$C$975)-(SUMIF(Scarico!$B$3:$B$997,B12,Scarico!$C$3:$C$997))+$D$4:$D$987 -> 0 | F12: =E12*C12 -> 0
B13: BACINELLE BUCATO | C13: =SUMIF(Carico!$B$3:$B$975,B13,Carico!$C$3:$C$975)-(SUMIF(Scarico!$B$3:$B$997,B13,Scarico!$C$3:$C$997))+$D$4:$D$987 -> 0 | F13: =E13*C13 -> 0
B14: BALSAMO FRUCTIS GARNIER ** | C14: =SUMIF(Carico!$B$3:$B$975,B14,Carico!$C$3:$C$975)-(SUMIF(Scarico!$B$3:$B$997,B14,Scarico!$C$3:$C$997))+$D$4:$D$987 -> 18 | E14: 3.5 | F14: =E14*C14 -> 63
B15: BIALCOL | C15: =SUMIF(Carico!$B$3:$B$975,B15,Carico!$C$3:$C$975)-(SUMIF(Scarico!$B$3:$B$997,B15,Scarico!$C$3:$C$997))+$D$4:$D$987 -> 0 | F15: =E15*C15 -> 0
B16: BICARBONATO ALIMENTARE 1KG | C16: =SUMIF(Carico!$B$3:$B$975,B16,Carico!$C$3:$C$975)-(SUMIF(Scarico!$B$3:$B$997,B16,Scarico!$C$3:$C$997))+$D$4:$D$987 -> 5 | E16: 2 | F16: 2.59
B17: BIOHY X TAPPETI shampoo | C17: =SUMIF(Carico!$B$3:$B$975,B17,Carico!$C$3:$C$975)-(SUMIF(Scarico!$B$3:$B$997,B17,Scarico!$C$3:$C$997))+$D$4:$D$987 -> 4 | E17: 30 | F17: =E17*C17 -> 120
B18: BLUHOME PROF. BUCATO FIORI ARANCIO | C18: =SUMIF(Carico!$B$3:$B$975,B18,Carico!$C$3:$C$975)-(SUMIF(Scarico!$B$3:$B$997,B18,Scarico!$C$3:$C$997))+$D$4:$D$987 -> 0 | F18: =E18*C18 -> 0
B19: BLUHOME PROF. BUCATO FIORI PULITO | C19: =SUMIF(Carico!$B$3:$B$975,B19,Carico!$C$3:$C$975)-(SUMIF(Scarico!$B$3:$B$997,B19,Scarico!$C$3:$C$997))+$D$4:$D$987 -> 0 | F19: =E19*C19 -> 0
B20: BOROTALCO BUSTE POLVERE | C20: =SUMIF(Carico!$B$3:$B$975,B20,Carico!$C$3:$C$975)-(SUMIF(Scarico!$B$3:$B$997,B20,Scarico!$C$3:$C$997))+$D$4:$D$987 -> 13 | F20: =E20*C20 -> 0
B21: BOROTALCO DOCCIA ORIGINAL ** | C21: =SUMIF(Carico!$B$3:$B$975,B21,Carico!$C$3:$C$975)-(SUMIF(Scarico!$B$3:$B$997,B21,Scarico!$C$3:$C$997))+$D$4:$D$987 -> 1 | E21: 2.88 | F21: =E21*C21 -> 2.88
B22: BOROTALCO INVISIBILE SPRAY | C22: =SUMIF(Carico!$B$3:$B$975,B22,Carico!$C$3:$C$975)-(SUMIF(Scarico!$B$3:$B$997,B22,Scarico!$C$3:$C$997))+$D$4:$D$987 -> 24 | E22: 5.9 | F22: =E22*C22 -> 141.6
B23: BRICOMEX - OLIO DI LINO 5 LT. | C23: =SUMIF(Carico!$B$3:$B$975,B23,Carico!$C$3:$C$975)-(SUMIF(Scarico!$B$3:$B$997,B23,Scarico!$C$3:$C$997))+$D$4:$D$987 -> 0 | F23: =E23*C23 -> 0
B24: BROX CANCELLA SU MURO - GOMMA | C24: =SUMIF(Carico!$B$3:$B$975,B24,Carico!$C$3:$C$975)-(SUMIF(Scarico!$B$3:$B$997,B24,Scarico!$C$3:$C$997))+$D$4:$D$987 -> 10 | F24: =E24*C24 -> 0
B25: CALGON 1.5 LT | C25: =SUMIF(Carico!$B$3:$B$975,B25,Carico!$C$3:$C$975)-(SUMIF(Scarico!$B$3:$B$997,B25,Scarico!$C$3:$C$997))+$D$4:$D$987 -> 0 | F25: =E25*C25 -> 0
B26: CALGON 2 LT. | C26: =SUMIF(Carico!$B$3:$B$975,B26,Carico!$C$3:$C$975)-(SUMIF(Scarico!$B$3:$B$997,B26,Scarico!$C$3:$C$997))+$D$4:$D$987 -> 2 | F26: =E26*C26 -> 0
B27: CALGON 750 CC | C27: =SUMIF(Carico!$B$3:$B$975,B27,Carico!$C$3:$C$975)-(SUMIF(Scarico!$B$3:$B$997,B27,Scarico!$C$3:$C$997))+$D$4:$D$987 -> 5 | F27: =E27*C27 -> 0
B28: CALGON PASTIGLIE ANTICALC. LAVATRICE | C28: =SUMIF(Carico!$B$3:$B$975,B28,Carico!$C$3:$C$975)-(SUMIF(Scarico!$B$3:$B$997,B28,Scarico!$C$3:$C$997))+$D$4:$D$987 -> 2 | F28: =E28*C28 -> 0
B29: CARRELLO BIDONE CARRY ECO | C29: =SUMIF(Carico!$B$3:$B$975,B29,Carico!$C$3:$C$975)-(SUMIF(Scarico!$B$3:$B$997,B29,Scarico!$C$3:$C$997))+$D$4:$D$987 -> 0 | F29: =E29*C29 -> 0
B30: CARTA FORNO | C30: =SUMIF(Carico!$B$3:$B$975,B30,Carico!$C$3:$C$975)-(SUMIF(Scarico!$B$3:$B$997,B30,Scarico!$C$3:$C$997))+$D$4:$D$987 -> 10 | F30: =E30*C30 -> 0
B31: CARTA IGIENICA X 4 | C31: =SUMIF(Carico!$B$3:$B$975,B31,Carico!$C$3:$C$975)-(SUMIF(Scarico!$B$3:$B$997,B31,Scarico!$C$3:$C$997))+$D$4:$D$987 -> 40 | E31: 2.39 | F31: =E31*C31 -> 95.6
B32: CEPPO COLTELLI + COLTELLI | C32: =SUMIF(Carico!$B$3:$B$975,B32,Carico!$C$3:$C$975)-(SUMIF(Scarico!$B$3:$B$997,B32,Scarico!$C$3:$C$997))+$D$4:$D$987 -> 0 | F32: =E32*C32 -> 0
B33: NAPISAN CURA LAVATRICE IGIENIZZANTE | C33: =SUMIF(Carico!$B$3:$B$975,B33,Carico!$C$3:$C$975)-(SUMIF(Scarico!$B$3:$B$997,B33,Scarico!$C$3:$C$997))+$D$4:$D$987 -> 7 | E33: 5.5 | F33: =E33*C33 -> 38.5
B34: CHANTECLAIR E RICARICHE | C34: =SUMIF(Carico!$B$3:$B$975,B34,Carico!$C$3:$C$975)-(SUMIF(Scarico!$B$3:$B$997,B34,Scarico!$C$3:$C$997))+$D$4:$D$987 -> 0 | E34: 2 | F34: =E34*C34 -> 0
B35: CHANTECLAYS SPRAY KIT | C35: =SUMIF(Carico!$B$3:$B$975,B35,Carico!$C$3:$C$975)-(SUMIF(Scarico!$B$3:$B$997,B35,Scarico!$C$3:$C$997))+$D$4:$D$987 -> 9 | E35: 2.5 | F35: =E35*C35 -> 22.5
B36: CIF CREMA CANDEGGINA | C36: =SUMIF(Carico!$B$3:$B$975,B36,Carico!$C$3:$C$975)-(SUMIF(Scarico!$B$3:$B$997,B36,Scarico!$C$3:$C$997))+$D$4:$D$987 -> 1 | F36: =E36*C36 -> 0
B37: CIF CREMA GREEN ACTIVE | C37: =SUMIF(Carico!$B$3:$B$975,B37,Carico!$C$3:$C$975)-(SUMIF(Scarico!$B$3:$B$997,B37,Scarico!$C$3:$C$997))+$D$4:$D$987 -> 8 | E37: 7.99 | F37: =E37*C37 -> 63.92
B38: CIF PIATTI 1 LT | C38: =SUMIF(Carico!$B$3:$B$975,B38,Carico!$C$3:$C$975)-(SUMIF(Scarico!$B$3:$B$997,B38,Scarico!$C$3:$C$997))+$D$4:$D$987 -> 0 | F38: =E38*C38 -> 0
B39: CIF PIATTI 2 LT | C39: =SUMIF(Carico!$B$3:$B$975,B39,Carico!$C$3:$C$975)-(SUMIF(Scarico!$B$3:$B$997,B39,Scarico!$C$3:$C$997))+$D$4:$D$987 -> 8 | E39: 2.99 | F39: =E39*C39 -> 23.92
B40: COCCOLINO AMMORBIDENTE 3 LT | C40: =SUMIF(Carico!$B$3:$B$975,B40,Carico!$C$3:$C$975)-(SUMIF(Scarico!$B$3:$B$997,B40,Scarico!$C$3:$C$997))+$D$4:$D$987 -> 9 | E40: 3.59 | F40: =E40*C40 -> 32.31
B41: FABULOSO AMMORBIDENTE 1,5 LT. | C41: =SUMIF(Carico!$B$3:$B$975,B41,Carico!$C$3:$C$975)-(SUMIF(Scarico!$B$3:$B$997,B41,Scarico!$C$3:$C$997))+$D$4:$D$987 -> 0 | E41: 3.69 | F41: =E41*C41 -> 0
B42: COPRI SCARPE | C42: =SUMIF(Carico!$B$3:$B$975,B42,Carico!$C$3:$C$975)-(SUMIF(Scarico!$B$3:$B$997,B42,Scarico!$C$3:$C$997))+$D$4:$D$987 -> 0 | F42: =E42*C42 -> 0
B43: CUFFIE MONOUSO (SCADUTE) | C43: =SUMIF(Carico!$B$3:$B$975,B43,Carico!$C$3:$C$975)-(SUMIF(Scarico!$B$3:$B$997,B43,Scarico!$C$3:$C$997))+$D$4:$D$987 -> 0 | F43: =E43*C43 -> 0
B44: CUSTODIE ABITI | C44: =SUMIF(Carico!$B$3:$B$975,B44,Carico!$C$3:$C$975)-(SUMIF(Scarico!$B$3:$B$997,B44,Scarico!$C$3:$C$997))+$D$4:$D$987 -> 3 | F44: =E44*C44 -> 0
B45: CUSTODIE CAPPOTTI | C45: =SUMIF(Carico!$B$3:$B$975,B45,Carico!$C$3:$C$975)-(SUMIF(Scarico!$B$3:$B$997,B45,Scarico!$C$3:$C$997))+$D$4:$D$987 -> 7 | F45: =E45*C45 -> 0
B46: CUSTODIE TRAPUNTE | C46: =SUMIF(Carico!$B$3:$B$975,B46,Carico!$C$3:$C$975)-(SUMIF(Scarico!$B$3:$B$997,B46,Scarico!$C$3:$C$997))+$D$4:$D$987 -> 1 | F46: =E46*C46 -> 0
B47: DASH POWER POLVERE 3.5 KG | C47: =SUMIF(Carico!$B$3:$B$975,B47,Carico!$C$3:$C$975)-(SUMIF(Scarico!$B$3:$B$997,B47,Scarico!$C$3:$C$997))+$D$4:$D$987 -> 0 | F47: =E47*C47 -> 0
B48: DASH POWER POLVERE 4 KG. | C48: =SUMIF(Carico!$B$3:$B$975,B48,Carico!$C$3:$C$975)-(SUMIF(Scarico!$B$3:$B$997,B48,Scarico!$C$3:$C$997))+$D$4:$D$987 -> 4 | F48: =E48*C48 -> 0
B49: DECAL C - DISINCROSTANTE 1 LT. | C49: =SUMIF(Carico!$B$3:$B$975,B49,Carico!$C$3:$C$975)-(SUMIF(Scarico!$B$3:$B$997,B49,Scarico!$C$3:$C$997))+$D$4:$D$987 -> -2 | F49: =E49*C49 -> 0
B50: DECALFE-DECALCIFICANTE MACCHINE DA CAFFÉ | C50: =SUMIF(Carico!$B$3:$B$975,B50,Carico!$C$3:$C$975)-(SUMIF(Scarico!$B$3:$B$997,B50,Scarico!$C$3:$C$997))+$D$4:$D$987 -> 0 | F50: =E50*C50 -> 0
B51: DEKAL STIRO | C51: =SUMIF(Carico!$B$3:$B$975,B51,Carico!$C$3:$C$975)-(SUMIF(Scarico!$B$3:$B$997,B51,Scarico!$C$3:$C$997))+$D$4:$D$987 -> 0 | F51: =E51*C51 -> 0
B52: DEO GEL DEODORANTE | C52: =SUMIF(Carico!$B$3:$B$975,B52,Carico!$C$3:$C$975)-(SUMIF(Scarico!$B$3:$B$997,B52,Scarico!$C$3:$C$997))+$D$4:$D$987 -> 0 | E52: 2.79 | F52: =E52*C52 -> 0
B53: DIAVOLINA ACCENDI FUOCO | C53: =SUMIF(Carico!$B$3:$B$975,B53,Carico!$C$3:$C$975)-(SUMIF(Scarico!$B$3:$B$997,B53,Scarico!$C$3:$C$997))+$D$4:$D$987 -> 0 | F53: =E53*C53 -> 0
B54: DISCO ABRASIVO PER PAVIMENTO TERRAZZO COPERTURA | C54: =SUMIF(Carico!$B$3:$B$975,B54,Carico!$C$3:$C$975)-(SUMIF(Scarico!$B$3:$B$997,B54,Scarico!$C$3:$C$997))+$D$4:$D$987 -> 0 | F54: =E54*C54 -> 0
B55: DIXAN LAVATRICE CLASSICO 1 LT. | C55: =SUMIF(Carico!$B$3:$B$975,B55,Carico!$C$3:$C$975)-(SUMIF(Scarico!$B$3:$B$997,B55,Scarico!$C$3:$C$997))+$D$4:$D$987 -> -4 | E55: 4.99 | F55: =E55*C55 -> -19.96
B56: DIXAN LAVATRICE LAVANDA 1 LT. | C56: =SUMIF(Carico!$B$3:$B$975,B56,Carico!$C$3:$C$975)-(SUMIF(Scarico!$B$3:$B$997,B56,Scarico!$C$3:$C$997))+$D$4:$D$987 -> 1 | E56: 10.9 | F56: =E56*C56 -> 10.9
B57: DOVE DEODORANTE | C57: =SUMIF(Carico!$B$3:$B$975,B57,Carico!$C$3:$C$975)-(SUMIF(Scarico!$B$3:$B$997,B57,Scarico!$C$3:$C$997))+$D$4:$D$987 -> 0 | F57: =E57*C57 -> 0
B58: EMULSIO RAVVIVA MARMO | C58: =SUMIF(Carico!$B$3:$B$975,B58,Carico!$C$3:$C$975)-(SUMIF(Scarico!$B$3:$B$997,B58,Scarico!$C$3:$C$997))+$D$4:$D$987 -> 6 | E58: 2.79 | F58: =E58*C58 -> 16.74
B59: EMULSIO RAVVIVA PARQUET ** | C59: =SUMIF(Carico!$B$3:$B$975,B59,Carico!$C$3:$C$975)-(SUMIF(Scarico!$B$3:$B$997,B59,Scarico!$C$3:$C$997))+$D$4:$D$987 -> 16 | E59: 2.79 | F59: =E59*C59 -> 44.64
B60: FABULOSO AMMORBIDENTE 1,5 LT. | C60: =SUMIF(Carico!$B$3:$B$975,B60,Carico!$C$3:$C$975)-(SUMIF(Scarico!$B$3:$B$997,B60,Scarico!$C$3:$C$997))+$D$4:$D$987 -> 0 | F60: =E60*C60 -> 0
B61: FELCE AZZURRA BAGNO DOCCIA | C61: =SUMIF(Carico!$B$3:$B$975,B61,Carico!$C$3:$C$975)-(SUMIF(Scarico!$B$3:$B$997,B61,Scarico!$C$3:$C$997))+$D$4:$D$987 -> 24 | E61: 2.95 | F61: =E61*C61 -> 70.8
B62: FELCE AZZURRA MANI ANTIBATTERICO 300ML | C62: =SUMIF(Carico!$B$3:$B$975,B62,Carico!$C$3:$C$975)-(SUMIF(Scarico!$B$3:$B$997,B62,Scarico!$C$3:$C$997))+$D$4:$D$987 -> 75 | E62: 1.49 | F62: =E62*C62 -> 111.75
B63: FELCE AZZURRA MANI CLASSICO | C63: =SUMIF(Carico!$B$3:$B$975,B63,Carico!$C$3:$C$975)-(SUMIF(Scarico!$B$3:$B$997,B63,Scarico!$C$3:$C$997))+$D$4:$D$987 -> 6 | F63: =E63*C63 -> 0
B64: FINISH BRILLANTANTE | C64: =SUMIF(Carico!$B$3:$B$975,B64,Carico!$C$3:$C$975)-(SUMIF(Scarico!$B$3:$B$997,B64,Scarico!$C$3:$C$997))+$D$4:$D$987 -> 9 | E64: 4.79 | F64: =E64*C64 -> 43.11
B65: FINISH CURA LAVASTOVIGLIE | C65: =SUMIF(Carico!$B$3:$B$975,B65,Carico!$C$3:$C$975)-(SUMIF(Scarico!$B$3:$B$997,B65,Scarico!$C$3:$C$997))+$D$4:$D$987 -> 2 | F65: =E65*C65 -> 0
B66: FINISH PROF. LAVASTOVIGLIE ANTIODORE | C66: =SUMIF(Carico!$B$3:$B$975,B66,Carico!$C$3:$C$975)-(SUMIF(Scarico!$B$3:$B$997,B66,Scarico!$C$3:$C$997))+$D$4:$D$987 -> 5 | E66: 2.59 | F66: =E66*C66 -> 12.95
B67: FISSAN SALVIETTE DELICATE | C67: =SUMIF(Carico!$B$3:$B$975,B67,Carico!$C$3:$C$975)-(SUMIF(Scarico!$B$3:$B$997,B67,Scarico!$C$3:$C$997))+$D$4:$D$987 -> 192 | F67: =E67*C67 -> 0
B68: FRESH AROMA DEODORANTE AMBIENTE | C68: =SUMIF(Carico!$B$3:$B$975,B68,Carico!$C$3:$C$975)-(SUMIF(Scarico!$B$3:$B$997,B68,Scarico!$C$3:$C$997))+$D$4:$D$987 -> 6 | F68: =E68*C68 -> 0
B69: GHIACCI PER FRIGO | C69: =SUMIF(Carico!$B$3:$B$975,B69,Carico!$C$3:$C$975)-(SUMIF(Scarico!$B$3:$B$997,B69,Scarico!$C$3:$C$997))+$D$4:$D$987 -> 0 | F69: =E69*C69 -> 0
B70: GUANTI LAVAGGIO PIATTI MISURA M8 | C70: =SUMIF(Carico!$B$3:$B$975,B70,Carico!$C$3:$C$975)-(SUMIF(Scarico!$B$3:$B$997,B70,Scarico!$C$3:$C$997))+$D$4:$D$987 -> 4 | F70: =E70*C70 -> 0
B71: GUANTI MONOUSO SYNGUARD MISURA L | C71: =SUMIF(Carico!$B$3:$B$975,B71,Carico!$C$3:$C$975)-(SUMIF(Scarico!$B$3:$B$997,B71,Scarico!$C$3:$C$997))+$D$4:$D$987 -> 30 | F71: =E71*C71 -> 0
B72: GUANTI MONOUSO SYNGUARD MISURA M | C72: =SUMIF(Carico!$B$3:$B$975,B72,Carico!$C$3:$C$975)-(SUMIF(Scarico!$B$3:$B$997,B72,Scarico!$C$3:$C$997))+$D$4:$D$987 -> 12 | F72: =E72*C72 -> 0
B73: GUANTI MONOUSO SYNGUARD MISURA XL | C73: =SUMIF(Carico!$B$3:$B$975,B73,Carico!$C$3:$C$975)-(SUMIF(Scarico!$B$3:$B$997,B73,Scarico!$C$3:$C$997))+$D$4:$D$987 -> 27 | F73: =E73*C73 -> 0
B74: GUANTI PIATTI MISURA L | C74: =SUMIF(Carico!$B$3:$B$975,B74,Carico!$C$3:$C$975)-(SUMIF(Scarico!$B$3:$B$997,B74,Scarico!$C$3:$C$997))+$D$4:$D$987 -> 4 | F74: =E74*C74 -> 0
B75: GYO STYLE ALLUMINIO 1 PORZIONE | C75: =SUMIF(Carico!$B$3:$B$975,B75,Carico!$C$3:$C$975)-(SUMIF(Scarico!$B$3:$B$997,B75,Scarico!$C$3:$C$997))+$D$4:$D$987 -> 0 | F75: =E75*C75 -> 0
B76: GYO STYLE ALLUMINIO 4 PORZIONI | C76: =SUMIF(Carico!$B$3:$B$975,B76,Carico!$C$3:$C$975)-(SUMIF(Scarico!$B$3:$B$997,B76,Scarico!$C$3:$C$997))+$D$4:$D$987 -> 2 | F76: =E76*C76 -> 0
B77: IKEA SPAZZOLE LEVA PELI BASTIS KIT | C77: =SUMIF(Carico!$B$3:$B$975,B77,Carico!$C$3:$C$975)-(SUMIF(Scarico!$B$3:$B$997,B77,Scarico!$C$3:$C$997))+$D$4:$D$987 -> 25 | F77: =E77*C77 -> 0
B78: IKEA SPAZZOLE LEVA PELI BASTIS RICARICHE X4 | C78: =SUMIF(Carico!$B$3:$B$975,B78,Carico!$C$3:$C$975)-(SUMIF(Scarico!$B$3:$B$997,B78,Scarico!$C$3:$C$997))+$D$4:$D$987 -> 35 | F78: =E78*C78 -> 0
B79: IKEA TAPPETINO GOMMA TRASPARENTE | C79: =SUMIF(Carico!$B$3:$B$975,B79,Carico!$C$3:$C$975)-(SUMIF(Scarico!$B$3:$B$997,B79,Scarico!$C$3:$C$997))+$D$4:$D$987 -> 0 | F79: =E79*C79 -> 0
B80: INSETTICIDA ANTI SCARAFAGGI BOMBOLETTE | C80: =SUMIF(Carico!$B$3:$B$975,B80,Carico!$C$3:$C$975)-(SUMIF(Scarico!$B$3:$B$997,B80,Scarico!$C$3:$C$997))+$D$4:$D$987 -> 11 | E80: 10 | F80: =E80*C80 -> 110
B81: INSETTICIDA FULMINE VESPE E CALAB. | C81: =SUMIF(Carico!$B$3:$B$975,B81,Carico!$C$3:$C$975)-(SUMIF(Scarico!$B$3:$B$997,B81,Scarico!$C$3:$C$997))+$D$4:$D$987 -> 1 | F81: =E81*C81 -> 0
B82: INSETTICIDA RAID MAX SCARAF. + FORM. | C82: =SUMIF(Carico!$B$3:$B$975,B82,Carico!$C$3:$C$975)-(SUMIF(Scarico!$B$3:$B$997,B82,Scarico!$C$3:$C$997))+$D$4:$D$987 -> 0 | F82: =E82*C82 -> 0
B83: INSETTICIDA TOPI BLOCK RAT | C83: =SUMIF(Carico!$B$3:$B$975,B83,Carico!$C$3:$C$975)-(SUMIF(Scarico!$B$3:$B$997,B83,Scarico!$C$3:$C$997))+$D$4:$D$987 -> 72 | F83: =E83*C83 -> 0
B84: INSETTICIDA VAPE ESCA SCARAF. X3 | C84: =SUMIF(Carico!$B$3:$B$975,B84,Carico!$C$3:$C$975)-(SUMIF(Scarico!$B$3:$B$997,B84,Scarico!$C$3:$C$997))+$D$4:$D$987 -> 7 | F84: =E84*C84 -> 0
B85: INSETTICIDA VAPE FORMICHE | C85: =SUMIF(Carico!$B$3:$B$975,B85,Carico!$C$3:$C$975)-(SUMIF(Scarico!$B$3:$B$997,B85,Scarico!$C$3:$C$997))+$D$4:$D$987 -> 11 | F85: =E85*C85 -> 0
B86: INSETTICIDA VAPE TRAPPOLA ECOLOGICA (SCAD.) | C86: =SUMIF(Carico!$B$3:$B$975,B86,Carico!$C$3:$C$975)-(SUMIF(Scarico!$B$3:$B$997,B86,Scarico!$C$3:$C$997))+$D$4:$D$987 -> 0 | F86: =E86*C86 -> 0
B87: LENOR PROFUMO PER BUCATO AMETISTA ROSA | C87: =SUMIF(Carico!$B$3:$B$975,B87,Carico!$C$3:$C$975)-(SUMIF(Scarico!$B$3:$B$997,B87,Scarico!$C$3:$C$997))+$D$4:$D$987 -> 0 | F87: =E87*C87 -> 0
B88: LENOR PROFUMO PER BUCATO PRIMAVERA | C88: =SUMIF(Carico!$B$3:$B$975,B88,Carico!$C$3:$C$975)-(SUMIF(Scarico!$B$3:$B$997,B88,Scarico!$C$3:$C$997))+$D$4:$D$987 -> 0 | F88: =E88*C88 -> 0
B89: LENOR PROFUMO PER BUCATO VANIGLIA | C89: =SUMIF(Carico!$B$3:$B$975,B89,Carico!$C$3:$C$975)-(SUMIF(Scarico!$B$3:$B$997,B89,Scarico!$C$3:$C$997))+$D$4:$D$987 -> 0 | F89: =E89*C89 -> 0
B90: LIP WOOLITE 1.5 LT | C90: =SUMIF(Carico!$B$3:$B$975,B90,Carico!$C$3:$C$975)-(SUMIF(Scarico!$B$3:$B$997,B90,Scarico!$C$3:$C$997))+$D$4:$D$987 -> 0 | F90: =E90*C90 -> 0
B91: LYSOFORM LIQUIDO | C91: =SUMIF(Carico!$B$3:$B$975,B91,Carico!$C$3:$C$975)-(SUMIF(Scarico!$B$3:$B$997,B91,Scarico!$C$3:$C$997))+$D$4:$D$987 -> 7 | E91: 2.79 | F91: =E91*C91 -> 19.53
B92: LYSOFORM PROTEZIONI MANI | C92: =SUMIF(Carico!$B$3:$B$975,B92,Carico!$C$3:$C$975)-(SUMIF(Scarico!$B$3:$B$997,B92,Scarico!$C$3:$C$997))+$D$4:$D$987 -> 0 | F92: =E92*C92 -> 0
B93: LYSOFORM SPRAY | C93: =SUMIF(Carico!$B$3:$B$975,B93,Carico!$C$3:$C$975)-(SUMIF(Scarico!$B$3:$B$997,B93,Scarico!$C$3:$C$997))+$D$4:$D$987 -> 6 | E93: 10 | F93: =E93*C93 -> 60
B94: MANGIA CAPELLI - STURA SCARICHI | C94: =SUMIF(Carico!$B$3:$B$975,B94,Carico!$C$3:$C$975)-(SUMIF(Scarico!$B$3:$B$997,B94,Scarico!$C$3:$C$997))+$D$4:$D$987 -> 0 | F94: =E94*C94 -> 0
B95: MANICO SCOPA IN PLASTICA ROSSO | C95: =SUMIF(Carico!$B$3:$B$975,B95,Carico!$C$3:$C$975)-(SUMIF(Scarico!$B$3:$B$997,B95,Scarico!$C$3:$C$997))+$D$4:$D$987 -> 1 | F95: =E95*C95 -> 0
B96: MARMO LUX | C96: =SUMIF(Carico!$B$3:$B$975,B96,Carico!$C$3:$C$975)-(SUMIF(Scarico!$B$3:$B$997,B96,Scarico!$C$3:$C$997))+$D$4:$D$987 -> 5 | E96: 23 | F96: =E96*C96 -> 115
B97: MASCHERINE COMUNI | C97: =SUMIF(Carico!$B$3:$B$975,B97,Carico!$C$3:$C$975)-(SUMIF(Scarico!$B$3:$B$997,B97,Scarico!$C$3:$C$997))+$D$4:$D$987 -> 0 | F97: =E97*C97 -> 0
B98: MASCHERINE KN95 | C98: =SUMIF(Carico!$B$3:$B$975,B98,Carico!$C$3:$C$975)-(SUMIF(Scarico!$B$3:$B$997,B98,Scarico!$C$3:$C$997))+$D$4:$D$987 -> -5 | F98: =E98*C98 -> 0
B99: MAURYS ASCIUGA ROTOLI X1 | C99: =SUMIF(Carico!$B$3:$B$975,B99,Carico!$C$3:$C$975)-(SUMIF(Scarico!$B$3:$B$997,B99,Scarico!$C$3:$C$997))+$D$4:$D$987 -> -8 | F99: =E99*C99 -> 0
B100: MAURYS ASCIUGA ROTOLI X2 | C100: =SUMIF(Carico!$B$3:$B$975,B100,Carico!$C$3:$C$975)-(SUMIF(Scarico!$B$3:$B$997,B100,Scarico!$C$3:$C$997))+$D$4:$D$987 -> 17 | F100: 9.99
B101: MAURYS CLIP PAVIMENTI 40X60 | C101: =SUMIF(Carico!$B$3:$B$975,B101,Carico!$C$3:$C$975)-(SUMIF(Scarico!$B$3:$B$997,B101,Scarico!$C$3:$C$997))+$D$4:$D$987 -> 0 | F101: =E101*C101 -> 0
B102: MAURYS PAVIMENTI CON ALCOL | C102: =SUMIF(Carico!$B$3:$B$975,B102,Carico!$C$3:$C$975)-(SUMIF(Scarico!$B$3:$B$997,B102,Scarico!$C$3:$C$997))+$D$4:$D$987 -> 0 | F102: =E102*C102 -> 0
...

Sheet Scarico
A2: Colonna 1 | B2: PRODOTTI SCARICO | C2: PEZZI SCARICATI | D2: PRODOTTI IN GIACENZA | E2: DESTINAZIONE | F2: DATA
B3: VELINE RETTANGOLARI | C3: 2 | D3: =IF(B3="","",VLOOKUP(B3,Magazzino!$B$4:$D$987,2)) -> -2 | E3: CASA AU | F3: 46067
B4: VANISH OXI ACTION | C4: 1 | D4: =IF(B4="","",VLOOKUP(B4,Magazzino!$B$4:$D$987,2)) -> -2 | E4: CASA AU | F4: 46067
B5: MAURYS ASCIUGA ROTOLI X2 | C5: 1 | D5: =IF(B5="","",VLOOKUP(B5,Magazzino!$B$4:$D$987,2)) -> 17 | E5: CASA AU | F5: 46067
B6: TOVAGLIOLI RISPARMIO CASA 33X33 | C6: 2 | D6: =IF(B6="","",VLOOKUP(B6,Magazzino!$B$4:$D$987,2)) -> 102 | E6: CASA AU | F6: 46067
B7: SWIFFER KIT PAVIMENTO | C7: 1 | D7: =IF(B7="","",VLOOKUP(B7,Magazzino!$B$4:$D$987,2)) -> 18 | E7: CASA AU | F7: 46067
B8: ACQUA STIRO DISTILLATA 5LT | C8: 1 | D8: =IF(B8="","",VLOOKUP(B8,Magazzino!$B$4:$D$987,2)) -> 3 | E8: CASA AU | F8: 46067
B9: SACCHI NERI 70X110 (COND.) X10 | C9: 1 | D9: =IF(B9="","",VLOOKUP(B9,Magazzino!$B$4:$D$987,2)) -> 6 | E9: CASA AU | F9: 46067
B10: CARTA IGIENICA X 4 | C10: 2 | D10: =IF(B10="","",VLOOKUP(B10,Magazzino!$B$4:$D$987,2)) -> 40 | E10: AVV. | F10: 46065
B11: VELINE QUADRATE ** | C11: 4 | D11: =IF(B11="","",VLOOKUP(B11,Magazzino!$B$4:$D$987,2)) -> -2 | E11: AVV. | F11: 46065
B12: FISSAN SALVIETTE DELICATE | C12: 3 | D12: =IF(B12="","",VLOOKUP(B12,Magazzino!$B$4:$D$987,2)) -> 192 | E12: CASA AU | F12: 46066
B13: FAIRY CAPS LAVASTOVIGLIE GRANDI | C13: 2 | D13: =IF(B13="","",VLOOKUP(B13,Magazzino!$B$4:$D$987,2)) -> 0 | E13: AVV. | F13: 46066
B14: TOVAGLIOLI 38X38 ** | C14: 2 | D14: =IF(B14="","",VLOOKUP(B14,Magazzino!$B$4:$D$987,2)) -> 10 | E14: AVV. | F14: 46066
... B416: SACCHETTI UFFICIO TRASP. | C416: 1 | D416: =IF(B416="","",VLOOKUP(B416,Magazzino!$B$4:$D$987,2)) -> 40 | E416: VICTORIA CASA AU | F416: 46179
B417: ALCOOL 1LT | C417: 1 | E417: VICTORIA CASA AU | F417: 46179
B418: MAURYS ASCIUGA ROTOLI X1 | C418: 1 | D418: =IF(B418="","",VLOOKUP(B418,Magazzino!$B$4:$D$987,2)) -> -8 | E418: VICTORIA CASA AU | F418: 46179
B419: IKEA SPAZZOLE LEVA PELI BASTIS KIT | C419: 1 | D419: =IF(B419="","",VLOOKUP(B419,Magazzino!$B$4:$D$987,2)) -> 25 | E419: VICTORIA CASA AU | F419: 46179
B420: BOROTALCO INVISIBILE SPRAY | C420: 5 | D420: =IF(B420="","",VLOOKUP(B420,Magazzino!$B$4:$D$987,2)) -> 24 | E420: AVV. | F420: 46181
B421: FELCE AZZURRA MANI ANTIBATTERICO 300ML | C421: 4 | D421: =IF(B421="","",VLOOKUP(B421,Magazzino!$B$4:$D$987,2)) -> 75 | E421: AVV. | F421: 46181
B422: SENSODYNE COMPLEX DAILY | C422: 4 | D422: =IF(B422="","",VLOOKUP(B422,Magazzino!$B$4:$D$987,2)) -> 12 | E422: AVV. | F422: 46181
B423: ACQUA STIRO DISTILLATA 5LT | C423: 2 | D423: =IF(B423="","",VLOOKUP(B423,Magazzino!$B$4:$D$987,2)) -> 3 | E423: VICTORIA CASA AU | F423: 46181
B424: SACCHI NERI CONDOMINIO 80X120 (OPERAI-AVV.-GIARD.) | C424: 2 | D424: =IF(B424="","",VLOOKUP(B424,Magazzino!$B$4:$D$987,2)) -> 42 | E424: AVV. | F424: 46182
B425: CARTA IGIENICA X 4 | C425: 2 | D425: =IF(B425="","",VLOOKUP(B425,Magazzino!$B$4:$D$987,2)) -> 40 | E425: AVV. | F425: 46182
B426: OMINO BIANCO ADDITIVO | C426: 2 | D426: =IF(B426="","",VLOOKUP(B426,Magazzino!$B$4:$D$987,2)) -> 0 | E426: MARIANA CASA AU | F426: 46183
B427: CARTA IGIENICA X 4 | C427: 1 | D427: =IF(B427="","",VLOOKUP(B427,Magazzino!$B$4:$D$987,2)) -> 40 | E427: FERRANTE AMM. | F427: 46182
B428: DECAL C - DISINCROSTANTE 1 LT. | C428: 1 | D428: =IF(B428="","",VLOOKUP(B428,Magazzino!$B$4:$D$987,2)) -> -2 | E428: RICCI F. FREGENE | F428: 46183
B429: SACCHI NERI CONDOMINIO 80X120 (OPERAI-AVV.-GIARD.) | C429: 1 | D429: =IF(B429="","",VLOOKUP(B429,Magazzino!$B$4:$D$987,2)) -> 42 | E429: TARDIVI GIARD. | F429: 46184
... B457: CARTA IGIENICA X 4 | C457: 2 | D457: =IF(B457="","",VLOOKUP(B457,Magazzino!$B$4:$D$987,2)) -> 40 | E457: AVV. | F457: 46191
A458: F | B458: VILEDA PANNO MICROFIBRA XL | C458: 4 | D458: =IF(B458="","",VLOOKUP(B458,Magazzino!$B$4:$D$987,2)) -> -2 | E458: AVV. | F458: 46192
A459: F | B459: LYSOFORM DETERGENTE PAVIMENTI 1,1 LT | C459: 4 | D459: =IF(B459="","",VLOOKUP(B459,Magazzino!$B$4:$D$987,2)) -> 0 | E459: AVV. | F459: 46192
A460: F | B460: ALCOOL 1LT | C460: 4 | D460: =IF(B460="","",VLOOKUP(B460,Magazzino!$B$4:$D$987,2)) -> 5 | E460: AVV. | F460: 46192
A461: F | B461: WC NET CANDEGGINA GEL ** | C461: 4 | D461: =IF(B461="","",VLOOKUP(B461,Magazzino!$B$4:$D$987,2)) -> -2 | E461: AVV. | F461: 46192
A462: F | B462: VIAKAL SPRAY | C462: 4 | D462: =IF(B462="","",VLOOKUP(B462,Magazzino!$B$4:$D$987,2)) -> -2 | E462: AVV. | F462: 46192
A463: F | B463: MAURYS ASCIUGA ROTOLI X2 | C463: 1 | D463: =IF(B463="","",VLOOKUP(B463,Magazzino!$B$4:$D$987,2)) -> 17 | E463: AVV. | F463: 46192
A464: F | B464: TOVAGLIOLI 40X40 RISPARMIO CASA ** | C464: 4 | D464: =IF(B464="","",VLOOKUP(B464,Magazzino!$B$4:$D$987,2)) -> 10 | E464: AVV. | F464: 46192
A465: F | B465: CARTA IGIENICA X 4 | C465: 4 | D465: =IF(B465="","",VLOOKUP(B465,Magazzino!$B$4:$D$987,2)) -> 40 | E465: AVV. | F465: 46192
A466: F | B466: DIXAN CLASSICO 2 LT | C466: 3 | D466: =IF(B466="","",VLOOKUP(B466,Magazzino!$B$4:$D$987,2)) -> 0 | E466: AVV. | F466: 46192
A467: F | B467: COCCOLINO AMMORBIDENTE 3 LT | C467: 3 | D467: =IF(B467="","",VLOOKUP(B467,Magazzino!$B$4:$D$987,2)) -> 9 | E467: AVV. | F467: 46192
A468: F | B468: NAPISAN ADDITIVO LAVATRICE 2,2 LT. | C468: 3 | D468: =IF(B468="","",VLOOKUP(B468,Magazzino!$B$4:$D$987,2)) -> 5 | E468: AVV. | F468: 46192
A469: F | B469: ACCHIAPPA COLORE | C469: 2 | D469: =IF(B469="","",VLOOKUP(B469,Magazzino!$B$4:$D$987,2)) -> 18 | E469: AVV. | F469: 46192
... A484: F | B484: SACCHI NERI CONDOMINIO 80X120 (OPERAI-AVV.-GIARD.) | C484: 4 | D484: =IF(B484="","",VLOOKUP(B484,Magazzino!$B$4:$D$987,2)) -> 42 | E484: AVV. | F484: 46192
B485: INSETTICIDA RAID MAX SCARAF. + FORM. | C485: 2 | D485: =IF(B485="","",VLOOKUP(B485,Magazzino!$B$4:$D$987,2)) -> 0 | E485: CALESINI CASA AU | F485: 46192
B486: LYSOFORM DETERGENTE PAVIMENTI 1,1 LT | C486: 2 | D486: =IF(B486="","",VLOOKUP(B486,Magazzino!$B$4:$D$987,2)) -> 0 | E486: AVV. | F486: 46192
B487: TOVAGLIOLI 40X40 RISPARMIO CASA ** | C487: 2 | D487: =IF(B487="","",VLOOKUP(B487,Magazzino!$B$4:$D$987,2)) -> 10 | E487: AVV. | F487: 46192
B488: MAURYS ASCIUGA ROTOLI X1 | C488: 1 | D488: =IF(B488="","",VLOOKUP(B488,Magazzino!$B$4:$D$987,2)) -> -8 | E488: AVV. | F488: 46192
B489: GUANTI LAVAGGIO PIATTI MISURA M8 | C489: 1 | D489: =IF(B489="","",VLOOKUP(B489,Magazzino!$B$4:$D$987,2)) -> 4 | E489: AVV. | F489: 46192
B490: EMULSIO RAVVIVA PARQUET ** | C490: 2 | D490: =IF(B490="","",VLOOKUP(B490,Magazzino!$B$4:$D$987,2)) -> 16 | E490: AVV. | F490: 46192
B491: WC NET CANDEGGINA GEL ** | C491: 2 | D491: =IF(B491="","",VLOOKUP(B491,Magazzino!$B$4:$D$987,2)) -> -2 | E491: AVV. | F491: 46192
B492: VIAKAL LIQUIDO | C492: 1 | D492: =IF(B492="","",VLOOKUP(B492,Magazzino!$B$4:$D$987,2)) -> -2 | E492: AVV. | F492: 46192
B493: VIAKAL SPRAY | C493: 1 | D493: =IF(B493="","",VLOOKUP(B493,Magazzino!$B$4:$D$987,2)) -> -2 | E493: AVV. | F493: 46193
B494: CHANTECLAYS SPRAY KIT | C494: 1 | D494: =IF(B494="","",VLOOKUP(B494,Magazzino!$B$4:$D$987,2)) -> 9 | E494: AVV. | F494: 46193
B495: VANISH OXI ACTION | C495: 1 | D495: =IF(B495="","",VLOOKUP(B495,Magazzino!$B$4:$D$987,2)) -> -2 | E495: MARIANA CASA AU | F495: 46193
B496: DIXAN LAVATRICE LAVANDA 1 LT. | C496: 1 | D496: =IF(B496="","",VLOOKUP(B496,Magazzino!$B$4:$D$987,2)) -> 1 | E496: MARIANA CASA AU | F496: 46193
B497: COCCOLINO AMMORBIDENTE 3 LT | C497: 1 | D497: =IF(B497="","",VLOOKUP(B497,Magazzino!$B$4:$D$987,2)) -> 9 | E497: MARIANA CASA AU | F497: 46193
A498: F | B498: FELCE AZZURRA BAGNO DOCCIA | C498: 5 | D498: =IF(B498="","",VLOOKUP(B498,Magazzino!$B$4:$D$987,2)) -> 24 | E498: AVV. | F498: 46193
A499: F | B499: FELCE AZZURRA MANI ANTIBATTERICO 300ML | C499: 5 | D499: =IF(B499="","",VLOOKUP(B499,Magazzino!$B$4:$D$987,2)) -> 75 | E499: AVV. | F499: 46193
B500: SHAMPOO FRUCTIS GARNIER FORTI E BRILL. ** | C500: 5 | D500: =IF(B500="","",VLOOKUP(B500,Magazzino!$B$4:$D$987,2)) -> 30 | E500: AVV. | F500: 46193
B501: BALSAMO FRUCTIS GARNIER ** | C501: 5 | D501: =IF(B501="","",VLOOKUP(B501,Magazzino!$B$4:$D$987,2)) -> 18 | E501: AVV. | F501: 46193
B502: BOROTALCO INVISIBILE SPRAY | C502: 4 | D502: =IF(B502="","",VLOOKUP(B502,Magazzino!$B$4:$D$987,2)) -> 24 | E502: AVV. | F502: 46193
B503: SENSODYNE COMPLEX DAILY | C503: 3 | D503: =IF(B503="","",VLOOKUP(B503,Magazzino!$B$4:$D$987,2)) -> 12 | E503: AVV. | F503: 46193
B504: BICARBONATO ALIMENTARE 1KG | C504: 1 | D504: =IF(B504="","",VLOOKUP(B504,Magazzino!$B$4:$D$987,2)) -> 5 | E504: MARIANA CASA AU | F504: 46193
B505: VERT DETERGENTE LAVATRICE BEBE RICARICA ** | C505: 2 | D505: =IF(B505="","",VLOOKUP(B505,Magazzino!$B$4:$D$987,2)) -> -2 | E505: AVV. | F505: 46195
B506: VERT AMMORBIDENTE BEBÉ ** | C506: 2 | D506: =IF(B506="","",VLOOKUP(B506,Magazzino!$B$4:$D$987,2)) -> -2 | E506: AVV. | F506: 46195
B507: VERT IGIENIZZANTE BEBÉ ** | C507: 2 | D507: =IF(B507="","",VLOOKUP(B507,Magazzino!$B$4:$D$987,2)) -> -2 | E507: AVV. | F507: 46195
B508: NAPISAN ADDITIVO LAVATRICE 2,2 LT. | C508: 2 | D508: =IF(B508="","",VLOOKUP(B508,Magazzino!$B$4:$D$987,2)) -> 5 | E508: AVV. | F508: 46195
B509: PELLICOLA TRASPARENTE PER IMBALLO 300 MT. 5X9,5 CM H.10 | C509: 1 | D509: =IF(B509="","",VLOOKUP(B509,Magazzino!$B$4:$D$987,2)) -> -2 | E509: AVV. | F509: 46195
B510: CARTA IGIENICA X 4 | C510: 1 | D510: =IF(B510="","",VLOOKUP(B510,Magazzino!$B$4:$D$987,2)) -> 40 | E510: FERRANTE AMM. | F510: 46196
B511: CARTA IGIENICA X 4 | C511: 2 | D511: =IF(B511="","",VLOOKUP(B511,Magazzino!$B$4:$D$987,2)) -> 40 | E511: MARIANA CASA AU | F511: 46197
... B772: CARTA IGIENICA X 4 | C772: 1 | D772: =IF(B772="","",VLOOKUP(B772,Magazzino!$B$4:$D$987,2)) -> 40 | E772: FERRANTE AMM. | F772: 46286
B773: SACCHI NERI CONDOMINIO 80X120 (OPERAI-AVV.-GIARD.) | D773: =IF(B773="","",VLOOKUP(B773,Magazzino!$B$4:$D$987,2)) -> 42 | E773: PAOLINI SMALTIMENTO | F773: 46287
B774: CARTA IGIENICA X 4 | C774: 2 | D774: =IF(B774="","",VLOOKUP(B774,Magazzino!$B$4:$D$987,2)) -> 40 | E774: AVV. | F774: 46287
B775: NAPISAN CURA LAVATRICE IGIENIZZANTE | C775: 1 | D775: =IF(B775="","",VLOOKUP(B775,Magazzino!$B$4:$D$987,2)) -> 5 | E775: AVV. | F775: 46287
B776: FELCE AZZURRA MANI ANTIBATTERICO 300ML | C776: 5 | D776: =IF(B776="","",VLOOKUP(B776,Magazzino!$B$4:$D$987,2)) -> 75 | E776: AVV. | F776: 46288
B777: CIF PIATTI 2 LT | C777: 1 | D777: =IF(B777="","",VLOOKUP(B777,Magazzino!$B$4:$D$987,2)) -> 8 | E777: AVV. | F777: 46288
B778: DIXAN CLASSICO 2 LT | C778: 2 | D778: =IF(B778="","",VLOOKUP(B778,Magazzino!$B$4:$D$987,2)) -> 0 | E778: AVV. | F778: 46288
B779: NAPISAN ADDITIVO LAVATRICE 2,2 LT. | C779: 2 | D779: =IF(B779="","",VLOOKUP(B779,Magazzino!$B$4:$D$987,2)) -> 5 | E779: AVV. | F779: 46288
B780: EMULSIO RAVVIVA PARQUET ** | C780: 2 | D780: =IF(B780="","",VLOOKUP(B780,Magazzino!$B$4:$D$987,2)) -> 16 | E780: AVV. | F780: 46288
B781: LYSOFORM DETERGENTE PAVIMENTI 1,1 LT | C781: 2 | D781: =IF(B781="","",VLOOKUP(B781,Magazzino!$B$4:$D$987,2)) -> 0 | E781: AVV. | F781: 46288
B782: FINISH SALE LAVASTOV. | C782: 1 | D782: =IF(B782="","",VLOOKUP(B782,Magazzino!$B$4:$D$987,2)) -> 5 | E782: MARIANA CASA AU | F782: 46288
B783: ALCOOL 1LT | C783: 1 | D783: =IF(B783="","",VLOOKUP(B783,Magazzino!$B$4:$D$987,2)) -> 5 | E783: MARIANA CASA AU | F783: 46288
B784: SWIFFER KIT SPOLVERO | C784: 1 | D784: =IF(B784="","",VLOOKUP(B784,Magazzino!$B$4:$D$987,2)) -> 1 | E784: MARIANA CASA AU | F784: 46288
B785: SWIFFER PANNI PAVIMENTO RIC. | C785: 1 | D785: =IF(B785="","",VLOOKUP(B785,Magazzino!$B$4:$D$987,2)) -> 1 | E785: MARIANA CASA AU | F785: 46288
... B867: SACCHI NERI CONDOMINIO 80X120 (OPERAI-AVV.-GIARD.) | C867: 1 | D867: =IF(B867="","",VLOOKUP(B867,Magazzino!$B$4:$D$987,2)) -> 42 | E867: TARDIVI GIARD. | F867: 46310
D868: =IF(B868="","",VLOOKUP(B868,Magazzino!$B$4:$D$987,2))
D869: =IF(B869="","",VLOOKUP(B869,Magazzino!$B$4:$D$987,2))
D870: =IF(B870="","",VLOOKUP(B870,Magazzino!$B$4:$D$987,2))
D871: =IF(B871="","",VLOOKUP(B871,Magazzino!$B$4:$D$987,2))
D872: =IF(B872="","",VLOOKUP(B872,Magazzino!$B$4:$D$987,2))
D873: =IF(B873="","",VLOOKUP(B873,Magazzino!$B$4:$D$987,2))
D874: =IF(B874="","",VLOOKUP(B874,Magazzino!$B$4:$D$987,2))
D875: =IF(B875="","",VLOOKUP(B875,Magazzino!$B$4:$D$987,2))
D876: =IF(B876="","",VLOOKUP(B876,Magazzino!$B$4:$D$987,2))
D877: =IF(B877="","",VLOOKUP(B877,Magazzino!$B$4:$D$987,2))
D878: =IF(B878="","",VLOOKUP(B878,Magazzino!$B$4:$D$987,2))
D879: =IF(B879="","",VLOOKUP(B879,Magazzino!$B$4:$D$987,2))
... D997: =IF(B997="","",VLOOKUP(B997,Magazzino!$B$4:$D$987,2))

Sheet Carico
A2: Colonna 1 | B2: PRODOTTI - CARICO MERCI | C2: QUANTITÁ | D2: FORNITORE | E2: DATA
B3: TOVAGLIOLI 40X40 RISPARMIO CASA ** | C3: 36 | D3: RISPARMIO CASA | E3: 46065
B4: TOVAGLIOLI 38X38 ** | C4: 3 | D4: GIACENZA | E4: 46065
B5: FELCE AZZURRA MANI ANTIBATTERICO 300ML | C5: 34 | D5: RISPARMIO CASA | E5: 46065
B6: ALCOOL 1LT | C6: 23 | D6: RISPARMIO CASA | E6: 46065
B7: FAIRY ORIGINAL 90 CAPS | C7: 8 | D7: RISPARMIO CASA | E7: 46065
B8: FAIRY LAVASTOVIGLIE PLATINUM 28 | C8: 3 | D8: GIACENZA | E8: 46065
B9: CARTA IGIENICA X 4 | C9: 31 | D9: RISPARMIO CASA | E9: 46065
B10: SWIFFER KIT SPOLVERO | C10: 4 | D10: GIACENZA | E10: 46065
B11: SWIFFER POLVERE RICARICHE | C11: 10 | D11: RISPARMIO CASA | E11: 46065
B12: SENSODYNE COMPLEX DAILY | C12: 9 | D12: RISPARMIO CASA | E12: 46065
B13: BOROTALCO DOCCIA ORIGINAL ** | C13: 4 | D13: RISPARMIO CASA | E13: 46065
B14: EMULSIO RAVVIVA PARQUET ** | C14: 11 | D14: RISPARMIO CASA | E14: 46065
... B346: COCCOLINO AMMORBIDENTE 3 LT | C346: 5 | D346: AMAZON | E346: 46301
